{
  "modelPath": "app/ml/pipeline.joblib",
  "datasetPath": "data/processed/feedback_sentiment_preprocessed.csv",
  "evalMode": "test_split",
  "evalRows": 84,
  "accuracy": 0.9047619047619048,
  "labels": [
    "NEGATIF",
    "NETRAL",
    "POSITIF"
  ],
  "confusionMatrix": [
    [
      24,
      0,
      5
    ],
    [
      0,
      19,
      3
    ],
    [
      0,
      0,
      33
    ]
  ],
  "classificationReport": {
    "NEGATIF": {
      "precision": 1.0,
      "recall": 0.8275862068965517,
      "f1-score": 0.9056603773584906,
      "support": 29.0
    },
    "NETRAL": {
      "precision": 1.0,
      "recall": 0.8636363636363636,
      "f1-score": 0.926829268292683,
      "support": 22.0
    },
    "POSITIF": {
      "precision": 0.8048780487804879,
      "recall": 1.0,
      "f1-score": 0.8918918918918919,
      "support": 33.0
    },
    "accuracy": 0.9047619047619048,
    "macro avg": {
      "precision": 0.9349593495934959,
      "recall": 0.8970741901776385,
      "f1-score": 0.9081271791810218,
      "support": 84.0
    },
    "weighted avg": {
      "precision": 0.9233449477351916,
      "recall": 0.9047619047619048,
      "f1-score": 0.9057955628365202,
      "support": 84.0
    }
  }
}