{
  "modelVersion": "nb-v1",
  "algorithm": "MultinomialNB",
  "vectorizer": "TfidfVectorizer",
  "datasetPath": "data/raw/feedback_sentiment_labeled.csv",
  "datasetSource": "local_file",
  "processedDatasetPath": "data/processed/feedback_sentiment_preprocessed.csv",
  "modelPath": "app/ml/pipeline.joblib",
  "rows": 420,
  "classDistribution": {
    "NEGATIF": 146,
    "NETRAL": 110,
    "POSITIF": 164
  },
  "evaluation": {
    "mode": "train_test_split",
    "testSize": 0.2,
    "accuracy": 0.9047619047619048,
    "classificationReport": {
      "NEGATIF": {
        "precision": 1.0,
        "recall": 0.8275862068965517,
        "f1-score": 0.9056603773584906,
        "support": 29.0
      },
      "NETRAL": {
        "precision": 1.0,
        "recall": 0.8636363636363636,
        "f1-score": 0.926829268292683,
        "support": 22.0
      },
      "POSITIF": {
        "precision": 0.8048780487804879,
        "recall": 1.0,
        "f1-score": 0.8918918918918919,
        "support": 33.0
      },
      "accuracy": 0.9047619047619048,
      "macro avg": {
        "precision": 0.9349593495934959,
        "recall": 0.8970741901776385,
        "f1-score": 0.9081271791810218,
        "support": 84.0
      },
      "weighted avg": {
        "precision": 0.9233449477351916,
        "recall": 0.9047619047619048,
        "f1-score": 0.9057955628365202,
        "support": 84.0
      }
    },
    "trainRows": 336,
    "testRows": 84
  }
}